TV,Radio,Social Media,Influencer,Ventas reales,Ventas predichas
78.0,24.99209995,4.209574548,3,277.2413366,277.66192206240487
66.0,20.43830433,2.097019822,1,236.1587125,234.89299577056573
47.0,15.89286029,2.001411881,4,167.7246684,167.29843005376955
46.0,5.523665535,1.952389236,3,159.0684125,163.71408974399955
47.0,14.07755898,0.062540126,3,170.4688777,167.29654866597966
55.0,15.39492963,4.813227646,4,196.7187138,195.75932011591425
10.0,4.952233443,2.039853759,3,37.94248252,35.48260478415144
78.0,30.11726533,3.357794085,3,278.955153,277.67071416966814
14.0,4.269271761,1.705284552,1,49.11321626,49.6815794614903
29.0,9.487993613,0.250432849,2,105.7767079,103.15389109854128
98.0,27.66981156,1.605374723,1,345.5559312,348.8793215586293
98.0,31.36391464,5.657550436,1,351.4266721,348.82762129258737
33.0,12.52223274,0.056339938,2,119.0233823,117.40308240312247
98.0,28.55292026,5.105355549,1,347.1633989,348.83547806727285
40.0,12.1535313,4.060535456,2,144.9858839,142.28713508699008
95.0,37.81759713,4.893097259,4,342.1968478,338.2288835187804
75.0,22.65024416,1.537757637,4,263.8075933,267.03673020085455
73.0,24.18800586,5.899739191,1,264.2218327,259.77810609634827
45.0,16.92875024,0.551052977,2,162.2357016,160.13891216547094
78.0,37.47760817,12.10801729,2,277.3375508,277.53265449554266
87.0,25.30886812,0.888742374,3,314.1227914,309.76076483820907
63.0,21.11777814,0.500862283,3,223.8704545,224.2799978464806
85.0,32.78584244,3.253216367,3,303.0606747,302.60480384229703
29.0,12.99586641,0.270843681,1,107.4545729,103.12576804907268
86.0,18.58905369,2.780680191,2,304.9511132,306.150999384995
89.0,34.72354863,6.137642552,3,315.2344468,316.81609000136865
13.0,8.233607467,1.324969168,4,47.60129082,46.202861310526785
100.0,33.15180841,5.473668013,1,352.0316527,355.9532017909694
49.0,17.4557372,3.492273273,3,170.7516549,174.37662358463297
47.0,18.22307143,1.474865689,3,169.7622455,167.27752423245013
87.0,21.65560783,4.342996442,3,306.9010938,309.71908541339127
14.0,6.754820647,4.942437287,1,47.02611484,49.640441504621315
70.0,22.02797304,5.556095046,3,247.9725884,249.1505279272141
44.0,23.13440248,3.02294212,4,155.9413351,156.59729439418234
79.0,27.41497388,2.039587033,4,277.9778975,281.27665702549126
100.0,30.10706369,8.054539885,4,357.7881952,356.0020782085282
90.0,24.74690445,7.061842686,4,323.8554048,320.396699878665
41.0,18.82047294,2.036738638,2,146.0486457,145.8719236454143
59.0,17.85584792,4.287900392,3,209.5932192,209.98619739273258
46.0,15.73424826,3.670681166,4,160.4675811,163.71576232677774
50.0,16.07391542,2.133291153,2,176.445489,177.92933811586315
43.0,23.36300311,3.930571161,3,146.2867782,152.99732825537032
75.0,25.26324859,2.504473175,1,267.235998,266.9438805548696
16.0,6.352914129,5.654725259,1,64.56053498,56.75564548530592
85.0,36.24543619,8.863215031,3,305.7394717,302.53380977134816
84.0,27.93352343,3.978525877,3,300.5678307,299.03552777786655
80.0,27.5636699,1.277631295,2,284.0579455,284.7947719166786
27.0,13.22766271,5.247674761,1,98.78179678,95.93986236038492
19.0,11.84308384,1.411744529,3,63.78917282,67.54564342289171
61.0,20.16105438,3.305574466,1,219.1887773,217.06825593024485
59.0,18.05024365,2.889912691,3,210.5037124,210.00351726610185
70.0,24.90507404,2.458070702,2,249.4106969,249.16141394643574
55.0,20.10848671,2.728374334,4,195.102176,195.78359399262524
91.0,22.27671374,3.290079821,4,322.6677652,324.0064429968518
90.0,33.54395616,7.805689746,1,323.0028062,320.3044475236658
60.0,23.24355676,3.593966804,2,212.4125063,213.52825936308037
53.0,16.94523174,2.181723009,2,188.8248058,188.6143124694724
61.0,23.13228707,6.415854366,2,223.4387605,217.05516077933112
43.0,7.640104606,2.263525827,4,150.1102653,153.05022790766498
36.0,16.01664419,2.893217344,1,126.1776343,128.0258159126416
88.0,26.00963987,1.495600762,1,321.0466894,313.261660205051
92.0,25.05226608,7.118749557,2,333.0185055,327.4665356795194
43.0,17.1361121,3.371310994,4,151.6631466,153.03310974145623
26.0,10.59953251,0.679275349,3,91.92229739,92.48891862603801
84.0,22.47695972,2.357758852,2,295.7135652,299.0309703192867
35.0,14.30888641,1.266797266,4,123.4672451,124.56459158834708
31.0,10.82249016,0.857715137,3,107.3165162,110.29642605730317
78.0,26.62195735,3.352122062,4,282.0505985,277.69864947843826
40.0,8.398906234,1.465690951,4,146.0624753,142.37400139695464
83.0,27.92371868,8.566793342,3,295.5055495,295.41650108247836
43.0,15.18856944,0.760136913,3,153.6034143,153.03963698730934
80.0,30.28224548,7.438100621,3,283.2811538,284.7438272183387
43.0,17.43919472,2.697972086,4,153.0511109,153.0413781768068
43.0,8.871398971,3.545252188,3,154.0226563,153.00721716556646
56.0,25.27608704,3.239265214,4,198.3215216,199.33738326262875
15.0,7.033246644,4.29895887,3,53.62777047,53.263579375488675
86.0,28.37383108,4.539821932,4,306.6991275,306.1789491769601
22.0,4.85349411,0.017377461,2,80.92197504,78.2246922827039
31.0,12.22596591,0.397207276,3,111.1431062,110.30166031235703
79.0,33.69096007,7.889353903,2,279.6918286,281.14841914499254
80.0,26.45466629,7.956071282,1,279.1802705,284.6854596138065
71.0,23.35785141,4.385036868,3,250.3608641,252.72658697912638
100.0,35.08319587,6.750893552,4,353.1287078,356.01654305562715
80.0,27.53148648,8.330084621,1,281.6446174,284.68042893050944
35.0,9.497455756,2.826741899,3,124.3064335,124.52024541280136
65.0,24.69295619,1.758171533,1,231.1410974,231.33375308233082
49.0,12.07216987,4.381532375,3,176.8355255,174.36745618907864
92.0,27.07432784,7.76501425,2,326.6822053,327.4577863058391
12.0,2.201477322,0.166173465,2,44.99813919,42.60416362807829
35.0,14.82454522,1.765247886,1,122.065538,124.47830382168974
22.0,11.86861071,0.222563672,3,78.82271742,78.24630870244135
84.0,34.98456952,11.26042983,3,301.4931202,298.942475456066
11.0,5.561586305,3.530209276,1,39.99208709,38.972543321524725
74.0,20.42705084,6.319060522,3,261.9314465,263.3894453519344
79.0,19.15584406,0.014711851,3,281.5928898,281.2781114678777
99.0,34.19292834,7.824969974,2,357.1050913,352.3882645541405
20.0,6.460315841,1.391487958,2,72.99721493,71.08311384426555
28.0,7.46265367,2.487820224,2,100.2251531,99.5648135683108
26.0,3.497184714,1.675119633,3,94.28663392,92.47902996631096
96.0,25.73667837,4.179366017,1,346.9400122,341.7240638500728
86.0,19.98864888,1.227231469,1,302.1601492,306.1431934975475
28.0,9.812923503,0.369971776,4,101.4386575,99.64360005686609
17.0,6.151246864,1.483987622,3,60.76229385,60.422824408145694
82.0,17.35969287,4.361815987,1,295.518075,291.85728569288364
46.0,13.78266234,0.176731945,3,164.256028,163.73327099335202
43.0,14.92235288,2.357322546,3,152.2054523,153.0198647380595
58.0,14.39177935,1.226266329,2,207.6955665,206.4368997447662
63.0,19.33340894,6.70398406,1,225.4610415,224.15019952408284
80.0,28.50516115,5.403039713,4,284.9089972,284.79639991022685
71.0,26.02394936,3.116428483,4,253.9861099,252.76806395460213
71.0,18.51355605,0.825055868,4,250.9404408,252.7992053519479
35.0,14.50214433,3.448791566,4,125.1620963,124.53738387690849
79.0,25.28409682,6.045621605,1,283.290895,281.14767247738956
30.0,6.767266093,2.455374837,1,110.2188976,106.66274822961552
44.0,7.159147123,1.94613341,2,157.8854215,156.56303473094908
29.0,6.870957676,0.228259393,4,102.7241955,103.20835834618528
36.0,10.79687452,3.619462671,2,125.54135,128.0452540441743
88.0,27.46149343,1.524062069,3,312.1429635,313.31406673971117
28.0,10.76096294,0.627232382,2,98.36075406,99.58679572387382
87.0,34.6902751,5.616502273,2,305.7135791,309.672026000246
72.0,37.86899749,3.738798543,1,255.6630187,256.238211696936
17.0,12.91914773,1.904300714,3,58.44532347,60.41521645134585
89.0,37.37620072,2.616112731,1,314.5549903,316.8056869769772
57.0,16.68509976,0.667511487,4,201.0811349,202.9343531247055
92.0,34.75861536,3.828845154,1,325.0568639,327.47740665504006
89.0,27.81948029,5.228492402,4,318.2708476,316.85646158001924
43.0,11.65183738,3.36668963,2,145.4186567,152.98182477497355
11.0,3.634930909,1.388209091,3,41.02131018,39.053134286325914
15.0,6.44424657,3.416422707,3,56.67415544,53.27476353686572
32.0,13.33536154,2.344050692,1,116.1443174,113.78574518056493
43.0,26.13090993,8.160684173,2,157.4749203,152.9171049571565
10.0,3.986323355,0.030038227,3,38.67562299,35.50794264825989
75.0,21.53695515,1.232423551,2,264.9989865,266.98764835912766
67.0,22.27987654,2.004705935,1,241.6568055,238.45545740160773
28.0,10.80138028,3.119772273,1,95.96736372,99.52914362436324
54.0,9.674174412,1.365669378,2,191.1595594,192.1889806682641
67.0,33.62209115,6.804494005,4,240.3518467,238.47167534089436
46.0,18.28916702,3.367685945,1,162.761069,163.6387258302037
20.0,2.372901063,0.857514423,2,73.75120184,71.09119286251428
98.0,34.41226462,1.939969763,3,352.3803252,348.9260598305963
88.0,34.49346538,5.891364406,1,311.6825535,313.2040019637875
72.0,30.36493938,5.110394334,4,259.695649,256.3036973640664
22.0,4.389107232,0.885959352,2,77.8388226,78.21405213215093
59.0,18.35068386,1.831142407,2,214.2691154,209.9899450871908
85.0,23.78707098,2.504073833,1,307.3095443,302.5640152161158
70.0,21.05815129,5.146705872,3,249.8114662,249.15596098843585
17.0,5.002416953,3.00718727,2,59.24360112,60.377647233511475
11.0,7.322336297,1.174883484,2,36.9690515,39.0278553250822
18.0,12.96311522,0.910273486,3,66.70886844,63.98952580309157
47.0,11.50318371,2.519338224,1,162.3156135,167.2136251173515
21.0,17.18990789,0.237534685,3,73.14737548,74.682290083513
47.0,19.60088777,8.160758956,4,166.9758535,167.22051579413775
24.0,9.255560345,3.540823973,2,85.37271907,85.30324151713008
52.0,15.04080543,2.272803588,4,182.727109,185.10515939672197
64.0,27.02480286,3.399217629,3,226.7540305,227.80383168585522
64.0,26.71359667,7.772853029,2,229.952856,227.72290608792818
77.0,28.06805667,4.932782548,2,274.1199892,274.06324842515187
13.0,0.014486494,1.47170989,2,45.03232579,46.15065546474183
22.0,5.920985622,4.016223339,4,79.15234748,78.22785015630059
14.0,7.388485707,0.120490397,4,49.97649711,49.78010093648112
20.0,7.833709453,4.783670357,4,71.07465941,71.09370984955005
42.0,6.574754043,1.906421473,4,146.4444888,149.493083186305
16.0,6.067807963,1.960487823,1,60.3119441,56.8016948486574
73.0,22.86737608,0.968984226,1,261.0908818,259.8398994879251
84.0,27.6452302,5.916649652,1,300.9241889,298.9582515733736
64.0,22.85908473,7.595223422,2,226.7274918,227.7264709781382
53.0,17.97812572,3.066072741,1,190.3354223,188.57631408852825
100.0,30.4451489,7.897284137,4,353.7459182,356.00391526775996
95.0,30.46523325,8.791080421,4,339.3760653,338.1829858425491
40.0,10.48745064,2.202956943,2,142.6127026,142.31082565041885
62.0,17.79116447,0.878425861,1,216.1390948,220.66123939985465
32.0,8.072375614,3.938810437,1,108.5335779,113.7677603296144
97.0,32.81499473,6.469135436,4,347.1460055,345.33496207063206
47.0,19.08549213,2.485246038,1,162.5063727,167.2113826703123
55.0,20.48868764,5.290458667,4,202.3547575,195.75159296076902
18.0,1.481611067,2.321315362,1,59.54822642,63.92274180947916
46.0,19.57509597,4.310967846,3,162.3787166,163.67981213425338
16.0,0.451244404,3.53978674,4,56.01689561,56.86393331510793
39.0,14.37870711,2.671230095,2,138.7518293,138.74167174370518
94.0,27.44276637,2.375615308,2,336.004897,334.64861244713234
35.0,5.926629445,2.13583865,4,124.0794271,124.55673021757217
74.0,16.85524707,4.161090186,4,266.4905429,263.44417795005864
14.0,9.102133973,0.114328704,2,50.32466078,49.72630381910689
68.0,18.70863089,1.950714199,4,244.4055513,242.09925258907836
68.0,29.43517599,3.224934232,2,240.1918751,242.02636043795533
85.0,31.79693826,2.16250238,4,303.397391,302.6453535215853
54.0,16.17955891,2.089970315,2,190.2520081,192.17768401602808
29.0,8.852094414,0.041494349,3,101.8731014,103.1833490706954
86.0,22.55656827,3.67613635,4,303.7166426,306.1917375086997
77.0,31.41643985,5.671164791,4,272.4063387,274.10615797294633
29.0,13.02837169,4.531267811,3,103.9195235,103.12603637594499
66.0,16.43219543,3.237042142,3,236.891033,234.93349607072057
41.0,7.275071751,3.573620196,1,143.3844892,145.8302324798696
76.0,34.27923262,7.940107984,3,266.9421863,270.4883333723131
60.0,21.43888957,3.147751404,1,212.1691189,213.50780850543552
94.0,28.42763576,4.239315357,2,326.2694128,334.6250853068317
50.0,17.68275393,1.605194317,1,175.4994966,177.9087052682432
14.0,3.443825411,0.082932606,4,52.3609775,49.78195530951128
35.0,7.798023839,1.957661502,3,120.6389931,124.53165271876094
40.0,8.565813523,0.975294751,2,143.4349155,142.32677115705027
42.0,22.00041826,2.830148305,2,149.1916962,149.42289793647842
52.0,10.65220223,0.81995501,3,184.1597004,185.09813778853362
22.0,16.10246464,4.881430652,4,74.81459598,78.21350812358422
63.0,28.35259165,4.69537646,4,229.1419119,224.25191755555778
60.0,22.04149759,4.153907425,1,213.8519171,213.49508196889872
94.0,30.37270595,5.94611293,4,334.0892379,334.6564431652841
56.0,15.38414712,1.618385333,4,197.2730126,199.36102256352177
34.0,18.15111996,3.103474045,2,120.1130232,120.92516353848491
15.0,4.49022906,3.840346443,3,56.72556568,53.27017792712825
31.0,17.93169575,6.166019182,4,109.8232067,110.25453656829735
13.0,3.084029135,1.00780763,4,50.59803638,46.208617144351024
37.0,16.50000902,3.138409019,3,130.7588912,131.63782839170412
36.0,20.38097787,3.928353632,1,123.4259731,128.01140602375273
26.0,12.27610125,0.022498266,4,90.01227664,92.52313360486517
98.0,17.53880402,2.351623952,1,342.5758538,348.8736024694705
95.0,36.42230623,9.997472195,1,335.3014311,338.0859790762185
53.0,15.78634705,1.018862371,3,193.0239206,188.6558192896317
14.0,1.173467778,1.04234225,1,54.05961472,49.69091387737208
31.0,6.304845298,0.802279711,2,110.4393737,110.27206873880274
23.0,7.568249276,1.344170818,2,79.20466841,81.76919591673534
48.0,16.38246157,4.722281354,2,170.1684126,170.77310551383772
52.0,31.47852666,8.214623871,4,184.0322232,185.0254740658895
29.0,16.79919436,4.279003862,2,101.9046011,103.10121239609424
51.0,17.87552981,5.311291172,4,181.1590403,181.50440859469208
48.0,21.10276132,1.895651693,4,166.6313611,170.85987438285406
19.0,7.529380566,0.663731937,1,68.48861968,67.50319313409545
86.0,30.95791818,4.851285555,3,309.7449531,306.14753086892176
73.0,30.78177788,4.857009064,4,262.5100901,259.8686634478363
60.0,19.01558716,5.895165277,4,214.4576138,213.55439492173397
78.0,30.78263387,4.327262063,1,273.6113122,277.6051507753012
60.0,19.62187156,2.391937312,1,213.59437,213.51784835151506
19.0,11.41121511,1.302072125,3,66.21969665,67.54715940966058
71.0,19.97976845,6.960355849,4,252.0764263,252.72237857529763
86.0,24.78624404,6.349962293,4,309.2043274,306.15769622050095
51.0,20.1474308,4.116821554,1,178.5935732,181.4385598281941
44.0,20.73054448,7.469616948,2,157.7902917,156.48956069876562
66.0,18.19837817,6.138034353,4,236.411755,234.92342783254622
88.0,33.12247008,10.45510884,1,313.3414466,313.1477200362767
69.0,22.38809556,4.68004768,3,245.7603942,245.5993365442207
91.0,35.48887371,6.478934029,2,324.6273336,323.90886241386823
65.0,21.07836064,3.607061612,4,232.2761831,231.39193432465592
37.0,18.61053827,0.070855842,3,131.0154512,131.67524054825873
60.0,19.44251219,3.36149892,1,207.624182,213.50585197422302
88.0,25.32678512,5.133571929,3,311.6614353,313.269922203481
90.0,28.22427787,3.729510231,3,312.5706663,320.4102891340838
97.0,28.72454528,6.334771996,4,348.1096475,345.3380717868853
68.0,20.64660662,2.092461411,1,242.036584,242.0169013268774
73.0,31.85438735,5.430961826,4,260.1410479,259.861147389361
79.0,28.86285965,1.487848366,1,283.1115459,281.2031037243806
47.0,15.59829684,5.327113425,1,167.969747,167.1772617394624
72.0,24.40263571,1.995127175,3,253.7082243,256.317906423323
42.0,15.83243453,2.941996909,1,147.4752162,149.39704030966263
98.0,34.15632865,6.982952679,2,347.8305464,348.8367894197007
100.0,36.07233519,7.343767899,2,353.6186338,355.95554988941115
57.0,13.28060278,2.101510154,4,201.3055442,202.91771424868512
11.0,10.03259879,0.684486506,1,38.69555595,39.00636622463033
75.0,20.29945501,8.637936045,1,268.5657321,266.86933788278844
50.0,14.95740704,1.952884786,4,178.3745522,177.9852457780543
85.0,31.86497083,5.081795137,2,301.7448669,302.5557481811407
55.0,18.58636671,2.324645797,4,197.7085755,195.78915087453026
55.0,16.4816156,3.267172118,3,196.4487991,195.75153231305208
44.0,16.23221563,0.81339399,1,161.4546797,156.54729749394627
21.0,5.092818753,1.400162555,4,81.00013719,74.69871903062216
47.0,13.85470607,3.72361948,3,167.0873958,167.25109035951306
53.0,23.58638711,3.258949178,4,186.8385884,188.65184948402157
39.0,16.97491196,5.187082923,2,144.8229801,138.70946643446385
46.0,7.179374076,3.421230648,3,166.49574,163.69523795855025
81.0,29.25634134,6.17428655,4,290.4388997,288.3485039928476
63.0,23.91406052,3.340211678,4,224.8081681,224.27033406712832
92.0,31.49086179,2.679171631,2,328.5020583,327.51949108384787
31.0,14.95348305,0.048020677,2,109.541122,110.27840876257225
24.0,10.79356441,2.557924297,4,79.26863682,85.3681971106484
33.0,18.64876502,2.010872689,1,115.0849847,117.34998174421975
21.0,7.239525859,1.611172497,2,75.8834525,74.64206842744608
51.0,24.00692574,4.152022007,1,183.3277351,181.4367647261352
65.0,16.2577251,3.206348981,1,231.6574682,231.31870701941074
51.0,16.57349003,0.928129377,3,189.9203029,181.5327489018581
54.0,17.13626299,3.315389379,1,190.214326,192.13547019252076
90.0,33.5117751,4.663526779,3,322.4697556,320.3968123263117
95.0,33.91345228,6.737153756,4,337.8234552,338.2073200364111
38.0,12.95360781,3.856301336,2,133.8775857,135.16547188321064
62.0,16.44434995,7.48999682,1,217.9190051,220.5794780057511
28.0,5.313706473,2.473598787,1,91.49752891,99.53911062309864
70.0,22.9508713,5.688322892,4,251.1300326,249.1751942705015
48.0,14.11561705,3.328378357,4,175.5461581,170.84451124560314
92.0,30.28793619,5.38930619,2,326.9481964,327.4862053379251
97.0,29.94711311,4.767623725,4,345.9467083,345.3571341078332
56.0,16.13587655,6.5492771,1,204.2249674,199.21952086538468
46.0,13.43845073,1.228182851,4,161.9678005,163.74694960421732
73.0,28.4645976,5.545684409,4,256.4252258,259.8609125593602
13.0,6.237812416,0.777461147,1,44.49793566,46.13046643533069
18.0,8.477135293,0.608817354,4,61.70848657,64.02148848036295
69.0,21.00808675,2.478178486,2,244.1818392,245.6005732506978
75.0,32.4386176,4.859321808,2,269.5336088,266.9387030157127
84.0,28.25584373,5.699994101,4,298.8823429,299.0406382809772
92.0,33.15174003,6.429606019,3,329.5311298,327.4988944764878
100.0,29.61090382,4.297266947,4,355.4113311,356.04898583215123
29.0,10.60776751,0.392276142,4,106.8076207,103.20500416590627
38.0,18.90360911,4.889993447,3,131.1015188,135.1771578789605
64.0,24.59745898,7.320931129,1,231.2683509,227.70263574352253
92.0,36.50269966,5.544405637,1,327.5925024,327.45545508685194
18.0,6.175359183,1.206347827,3,64.05534799,63.988230281730324
19.0,10.62585401,1.036051829,3,64.67600576,67.55074437233029
67.0,13.8307792,2.90002924,4,236.3068542,238.52719931242456
90.0,30.45987894,6.350355454,4,315.1792046,320.40354029596915
86.0,29.093976,4.849590492,2,306.0907006,306.1215718917313
43.0,15.50500023,2.07810808,3,149.1630186,153.02313271986537
15.0,4.649777313,2.389716886,3,53.43080271,53.288164817274506
89.0,31.77088669,5.88922997,3,316.2697588,316.82021813796536
48.0,17.88145952,0.076059762,3,169.2278032,170.8570038383062
88.0,23.2144694,1.176796593,3,320.1736388,313.3198796044582
61.0,26.66674418,3.698028588,2,215.7972985,217.08772225412972
80.0,22.22190231,3.18559577,2,282.5999619,284.77291911584985
22.0,5.538209038,3.675905542,2,80.25905423,78.1789465426922
52.0,15.21955294,0.74054497,1,190.8058971,185.0442481696716
97.0,26.74517188,8.197650451,2,344.687169,345.26232619315306
38.0,8.937947856,0.801876265,2,134.7800375,135.20487516233868
44.0,10.0147525,2.056042436,1,154.4962302,156.53402788305667
88.0,31.2965668,6.268563747,1,312.2336302,313.200434601027
22.0,11.78493468,0.009092532,1,80.96231466,78.19572217877501
72.0,23.83835402,2.826565354,1,249.6328332,256.25449228393455
17.0,6.337465655,1.733237745,1,63.18462712,60.3663876210787
36.0,9.099158632,1.051392464,2,125.4867164,128.07779286202748
83.0,31.67189416,3.754571593,2,296.6386935,295.4484020371584
77.0,27.14371231,5.714889719,3,271.3634202,274.08048116266787
97.0,34.03091596,4.107471029,4,349.6290275,345.36390895816993
63.0,18.66286971,2.145018859,1,225.8508972,224.2071399582544
11.0,7.633014867,4.595993855,3,40.91116356,39.01182969309419
32.0,0.758066665,2.359200238,4,112.269694,113.86988650650459
85.0,29.38878187,2.734049922,2,302.0600166,302.58582035370955
15.0,6.603955904,0.332433523,4,49.67373838,53.339701731580384
12.0,9.359062905,5.249310703,4,46.28755521,42.591693317689824
89.0,25.7685786,4.213173006,1,320.4051437,316.7899047442395
32.0,4.067835317,0.958287924,2,111.8023392,113.83287605192037
65.0,15.60966355,6.728207899,1,233.5142029,231.27512987735972
21.0,6.701206992,0.8861581,3,73.72119644,74.67791105965063
10.0,3.378004965,2.388981177,4,33.74191884,35.50545149044495
21.0,13.85032361,2.900443085,4,73.83086992,74.67697869944404
24.0,13.022179,0.776760663,3,84.8192448,85.36293200891919
39.0,9.448712198,0.656320737,1,133.3903142,138.74183146642946
36.0,14.29764842,4.724222889,4,128.1369482,128.08355297385575
18.0,10.75229268,1.832885616,1,59.7933953,63.92555668048193
89.0,26.70268754,3.575561714,2,315.9003207,316.8241424405427
45.0,13.4913782,0.427454636,3,164.1527348,160.16829387288442
36.0,10.60419906,3.560618087,2,135.3563456,128.04605371449222
80.0,33.31778758,5.06205685,2,284.0248239,284.7456774898142
79.0,17.94459692,2.623383499,3,277.9127111,281.2460906488809
100.0,26.45201531,3.438501994,1,353.7470106,355.9808714130149
99.0,37.73241144,7.72405273,3,349.0483366,352.4149105868444
58.0,21.59094563,5.880669368,1,208.7403273,206.3498407563247
60.0,19.17142898,4.820069297,3,211.203686,213.54107665383685
85.0,17.92814765,2.125619697,4,305.3832807,302.65068953855763
64.0,25.82704983,5.193276624,3,230.2508027,227.78193831194625
52.0,18.43202672,5.483112242,3,178.1914678,185.0374012708171
90.0,25.15940757,2.74330655,1,322.591039,320.37036229741665
72.0,22.66567386,5.289217664,2,257.1158759,256.2509096545675
62.0,24.37251496,4.798782837,1,223.269712,220.6101633367649
86.0,31.98979236,4.802363644,4,303.3188357,306.1744120376249
28.0,10.93200857,1.867646115,1,97.20055286,99.54467169021987
43.0,13.99501231,0.845058595,1,152.4241128,152.98572935400563
48.0,20.83411647,0.539190245,2,171.7390914,170.8235694749329
28.0,18.40492335,2.688172679,1,102.3886217,99.53183792557279
90.0,29.30928806,2.974964668,2,314.8117249,320.3926570822783
13.0,1.067301036,0.825314156,3,45.40662239,46.18496067688591
50.0,15.08427868,0.47441555,3,181.0543356,177.97695487374412
77.0,27.59973089,5.084562862,4,277.7194554,274.1147963859246
61.0,20.19729211,1.344451932,2,214.7407046,217.11927127815102
63.0,20.70580331,3.522060728,3,223.2497053,224.24256491785997
93.0,23.77163648,3.688207002,1,334.8717431,331.0449807906465
62.0,25.07908112,5.066101233,1,225.469526,220.60658993825788
99.0,36.72156196,7.917322224,1,352.9301142,352.3595910651405
60.0,29.91466827,7.566088234,3,213.232032,213.50314344196713
41.0,17.41067699,3.407154022,4,146.0814648,145.90864525462854
36.0,3.478911133,1.239673052,4,125.6122776,128.13069861843385
38.0,12.06842573,0.85156322,3,133.2952269,135.22979180869058
73.0,27.39787136,3.862178306,4,263.7014999,259.88222722564376
40.0,19.63906306,0.795725948,2,146.1456862,142.32511048801092
46.0,15.57190659,3.193752933,1,162.7009564,163.6418448022243
68.0,16.41037116,3.082835585,3,243.3430795,242.05934388684778
99.0,28.18236541,4.826003841,4,353.0032234,352.4809506986539
23.0,2.119801838,0.893297038,2,80.70133466,81.77671997369367
47.0,20.82015775,3.598794638,4,165.7856483,167.27682893806232
68.0,29.8927411,6.096743741,4,237.7721637,242.0437509372291
58.0,20.92488055,6.059807429,2,207.3106406,206.3744824224156
76.0,29.04312897,1.68483329,2,273.9691943,270.54134260898314
85.0,31.35910881,3.82809637,4,304.4568708,302.6247907574518
33.0,20.81105562,4.438582726,4,118.5002089,117.39893202621928
61.0,9.879165582,1.436028111,1,213.0716274,217.0951252906562
35.0,3.231076691,0.850271175,1,127.3799299,124.4937614460153
87.0,29.35332175,6.940423544,3,303.5941572,309.68407142044873
88.0,31.64818367,2.021944599,1,311.9119717,313.2531305963547
18.0,14.46110551,2.347338423,4,62.32850707,63.99776027721839
66.0,22.33069931,4.741691262,3,236.0814972,234.91270683404272
76.0,18.62923764,3.880480663,3,271.1326152,270.5443308768873
46.0,22.09302415,3.789152807,3,167.4078395,163.68541700891487
51.0,14.28433335,1.914859941,1,181.2581603,181.468009819084
90.0,26.77426032,5.958191412,3,318.5450016,320.38307862335506
21.0,1.434561884,0.076376517,4,70.07728116,74.71647085111134
31.0,20.5097048,1.575745303,3,110.6422897,110.28408843993387
53.0,24.25593991,3.567089593,2,188.7849519,188.59451024158034
39.0,19.59319699,1.603298206,2,143.1275374,138.75312093965226
35.0,19.97502187,3.222876164,1,121.5288553,124.4583624928607
23.0,13.31099098,0.731708591,1,76.32136362,81.74815863090171
51.0,18.07310728,5.706993806,2,178.4739206,181.44614622985537
63.0,14.43895625,2.954981196,2,220.228013,224.22518659870195
52.0,19.40080063,5.766919399,4,189.9818855,185.06016613029465
14.0,2.648968868,2.182940143,1,55.57428349,49.67620817424544
55.0,16.34726096,1.401877027,2,193.3989459,195.74814463299393
45.0,11.70794329,3.509534146,1,166.6248154,160.0773148928139
85.0,33.41836523,4.973469351,4,304.3024959,302.609820371021
92.0,30.38715716,5.554089658,4,328.955878,327.5373919744281
47.0,4.139878602,1.573396939,3,164.2736798,167.28125136384287
27.0,9.569824803,2.216601931,4,97.36011862,96.05875601862473
98.0,32.07909439,4.158338824,4,342.6522282,348.92592371992214
49.0,15.75874251,1.621958375,3,173.0991172,174.40048343542455
31.0,9.246981499,2.709764692,4,109.0749985,110.30057979739054
11.0,7.374947508,3.609159259,1,33.98000011,38.97092362914818
63.0,16.52948801,3.351418583,2,223.6950619,224.2195205098373
18.0,8.202802332,0.104486847,4,64.16784653,64.02785784227312
13.0,1.311583983,0.91786893,2,48.23208285,46.157088011561726
40.0,13.9310362,3.935940555,1,143.1728885,142.26142414799102
37.0,13.33891846,2.531478926,2,132.8755737,131.619853527411
22.0,4.477489767,1.52846934,1,71.64559408,78.17939392378608
49.0,10.05574197,3.472817536,2,179.1315561,174.35283239162504
78.0,30.88048795,10.18875485,4,280.1919658,277.6121175105146
32.0,7.801082015,1.758760771,1,113.3989396,113.79497129658431
87.0,26.99627762,1.866030869,2,312.1486992,309.72138030562036
38.0,2.589298485,4.232246203,3,138.1027677,135.19107626007934
37.0,10.25291621,0.86532872,1,135.5300789,131.6150268863585
68.0,19.89609401,3.691370434,1,243.5681539,241.9972779554899
92.0,31.07632397,6.93117373,3,328.8750721,327.49338581982585
82.0,30.25009056,3.334021873,4,292.7546803,291.9454429211919
64.0,22.85140519,0.667171404,2,221.5444894,227.81264511651423
76.0,34.12497308,5.948489204,4,270.3425712,270.5397950265634
43.0,4.246828009,1.182699755,2,151.641576,153.01159348013147
47.0,22.38166556,2.322283907,4,166.0603064,167.29215709980642
10.0,0.858809909,3.621606085,4,36.88229796,35.4910059746394
64.0,19.21061664,3.087815141,3,221.7316739,227.81045295692294
65.0,23.33843751,3.875179167,3,233.9894064,231.36116910245323
80.0,29.33668376,3.456429808,2,288.1780625,284.7670483983064
78.0,20.72400777,5.503499783,3,274.793308,277.6473291287806
45.0,8.374998074,1.439268363,4,159.0624812,160.184143731961
45.0,7.116575677,2.3036211,3,162.0597348,160.14719986690716
25.0,10.69837915,1.359456063,4,87.9565535,88.94509824542416
68.0,14.02880622,1.276217736,1,241.2374276,242.02938110077434
29.0,8.714942563,0.956601942,3,100.2865105,103.17201515179768
77.0,17.33138261,0.414472802,2,272.7812221,274.1232231648681
51.0,27.16698915,1.952594516,2,185.1461543,181.48964555961322
77.0,28.85380575,6.217753837,2,279.7655483,274.04698956554034
51.0,16.17484875,1.898537466,2,185.0487647,181.49418355419846
77.0,28.53692221,3.714551546,4,271.690631,274.1315070671218
53.0,12.02782682,0.297664101,3,184.1005902,188.66611135488625
100.0,34.28471357,10.33797765,2,354.6804507,355.91893642420365
46.0,17.78260917,3.773452773,3,170.7813251,163.6871281398955
78.0,22.76786206,1.967175424,3,274.9018024,277.6905953311334
56.0,11.11142837,2.25649175,1,199.6925537,199.2746816908561
84.0,27.29955891,5.084324988,2,305.1819706,298.99536118693777
99.0,26.53623007,3.80369576,1,351.6684932,352.41433844338565
48.0,6.591213206,0.763794602,3,168.0750508,170.8524202259535
46.0,10.58168047,1.401502174,1,164.5996041,163.66589182559122
30.0,9.444382492,1.526273315,4,108.423201,106.7532696421447
75.0,29.24105443,3.969112218,2,266.4656814,266.95089997871906
42.0,15.50442945,2.861961964,4,145.797656,149.4780578098194
36.0,12.4369939,0.903680035,2,133.5881736,128.07845629223667
14.0,1.171320283,2.402996799,3,47.39172408,49.72726186145117
52.0,24.21323418,3.817027564,4,184.0961892,185.08272657768256
77.0,27.15924867,6.883559609,1,275.9579113,274.0126686134532
100.0,30.43535718,5.012795155,4,353.8381927,356.0397961212134
94.0,32.14620508,4.61092529,3,334.6459156,334.6457910445768
70.0,25.22857993,1.980812384,4,251.403637,249.22050745417235
41.0,7.125223319,1.156608183,4,148.2257628,145.9402547582549
55.0,18.50667095,4.089302485,1,196.1839752,195.68732334675565
61.0,28.09411494,4.630805282,4,215.5914833,217.12888948128375
82.0,28.92043035,3.213066798,2,285.3921433,291.8941438563727
10.0,3.779924037,1.188229762,3,40.69590144,35.493609592239494
68.0,29.49996311,3.520463252,4,242.827857,242.07593296454573
74.0,22.33691421,3.305106634,1,260.4652558,263.3729902923135
14.0,12.24402504,5.347549295,1,47.05770262,49.63347230165206
57.0,12.48040325,1.319113037,4,203.9487779,202.92772714886806
45.0,10.97413389,0.165895992,3,155.5045801,160.1724323965343
16.0,1.575240439,2.036787105,2,59.08480912,56.82896130295111
94.0,30.40243066,5.207841441,2,336.1680912,334.6123442532155
74.0,29.34550253,3.295645315,1,262.0124404,263.3706432468119
73.0,20.74650679,1.918559126,3,262.8661923,259.8821055956663
77.0,28.86749641,3.481911572,1,270.0653225,274.05437772886364
40.0,12.7084063,5.838251913,1,139.792394,142.23819307459055
96.0,33.28958396,6.573732291,2,342.952628,341.7182620195054
56.0,22.82931149,6.750361981,2,196.5688926,199.2413014241625
29.0,8.031844855,3.237071791,4,99.40704503,103.1705263439224
76.0,31.57443225,5.668187006,4,273.0425221,270.54417839288305
47.0,17.74772264,5.058791336,3,164.7476296,167.2331143632168
35.0,16.58991748,2.529490549,4,118.1016505,124.54808397448352
41.0,19.96957206,4.491042639,1,148.2586363,145.81435723312057
97.0,32.3661171,2.549591051,1,351.7904738,345.30396473485325
46.0,13.18020546,3.23549134,2,160.0951532,163.66880230995633
90.0,26.91428685,6.074164732,4,322.4667969,320.40822245544484
25.0,7.787564905,1.171257249,4,82.73231231,88.94846272366311
30.0,13.94263904,2.597301175,3,106.6131284,106.71173067808435
52.0,25.43144364,4.58797385,2,185.7341703,185.01943798668685
19.0,7.069720275,3.109655988,4,66.3342674,67.55283893662798
27.0,2.045585162,0.051933011,1,92.92957432,96.00841966734615
32.0,10.83204359,5.108585918,4,106.450803,113.83214677991023
59.0,18.5906666,1.662433769,2,207.7180998,209.99195909792218
51.0,24.64687638,6.444050052,2,189.4984681,181.4346668775196
76.0,21.43025018,3.608351353,1,269.0373261,270.4934594814638
71.0,35.11346181,4.409213287,4,255.7971209,252.74878770720034
72.0,15.43129391,3.006825317,3,258.0288425,256.3084778458384
94.0,27.08974013,1.867946948,1,336.6476274,334.62841544250216
18.0,5.104034315,2.428498516,2,60.2661565,63.94677031187348
15.0,17.87852819,6.684451448,3,50.73559898,53.23009452204597
50.0,22.22292707,3.600054733,1,174.8927672,177.88229644754028
27.0,9.235845656,2.963209488,1,93.35175941,95.969680458352
49.0,20.77180963,3.689627871,1,170.2013952,174.31973159396668
79.0,25.06755404,3.429945412,4,285.761592,281.2601892047634
80.0,31.5992473,5.409547295,4,280.2136399,284.7952308644611
96.0,31.0321785,2.172376019,4,339.2103946,341.8270712774678
67.0,22.92648803,5.522947611,1,237.9890855,238.41146995043744
73.0,14.83530271,1.586404834,4,260.0628572,259.9149513098453
80.0,23.62942306,4.262442573,3,282.8596166,284.7856658157379
75.0,30.5037236,3.850431399,3,269.8695308,266.9785676478222
33.0,10.15050712,2.311200267,1,118.2267883,117.34923485688847
78.0,23.32245121,3.866739527,4,280.8316239,277.6934089868001
28.0,5.552356016,1.01689872,2,100.5776591,99.58378075796175
29.0,6.059626048,2.206644363,4,106.074547,103.1840364234339
72.0,24.32547288,3.671370321,1,259.992715,256.24381325374554
42.0,6.69975335,2.161864768,4,147.9228529,149.48986201177212
100.0,32.38632069,6.903400294,4,350.8437408,356.0155945856679
19.0,12.52181267,1.924052672,2,66.91309675,67.5123970628209
47.0,17.37652562,1.905040273,4,161.7851523,167.29910696448974
16.0,3.849731765,1.23722102,2,57.15088632,56.838106468199776
51.0,11.93587139,1.614925811,3,178.2278365,181.52583741708165
74.0,26.87738758,3.516430061,2,265.1394241,263.39540064035435
17.0,0.000683948,0.672619169,1,58.09863066,60.38180811504947
82.0,28.51798649,5.24218225,1,291.5637059,291.84241159387
23.0,14.39672785,3.09997532,4,84.3023981,81.79822686561246
20.0,12.91275537,0.141228007,2,66.20189021,71.09639549274074
44.0,11.07570616,3.220120781,4,150.1901212,156.5990825852382
62.0,27.34392422,1.912193777,4,221.5407249,220.7249285769733
18.0,6.498471407,1.634970554,1,59.63995335,63.92951430813851
45.0,14.18460355,5.545421141,3,153.5787045,160.10439257605552
53.0,14.10567486,1.324027483,2,188.1229704,188.62597912014965
64.0,13.13494165,2.703723754,2,223.5338943,227.79073139268172
11.0,4.952002391,7.309016168,3,40.14105417,38.97902783124825
47.0,20.27755079,0.747904517,3,169.8875281,167.2858437064643
68.0,20.71881535,0.144885367,4,244.4277846,242.12100664720805
52.0,19.74043808,3.888113029,2,183.6277168,185.03014425715614
83.0,37.71626504,4.007700088,3,293.8381677,295.46976353281195
64.0,20.36203851,1.527641801,3,228.7836731,227.82945354340805
87.0,31.331044,7.012678356,3,307.9893433,309.68247720171007
96.0,29.50164045,4.919930365,3,344.0900697,341.76679975751455
94.0,30.87615447,7.201351187,1,336.7465414,334.560746732331
60.0,11.20191354,3.278170228,2,210.069569,213.53642196722203
69.0,20.65784983,3.72670806,3,245.8037354,245.61180270673134
66.0,22.43386587,0.874304744,2,232.4095312,234.9341377319547
46.0,19.51073972,3.107126419,4,163.2310879,163.7214437601493
67.0,14.96789081,0.99267693,1,235.79587,238.47061648836964
20.0,12.92065658,1.865530074,1,72.34626828,71.04831020653137
81.0,20.57784486,4.50390565,2,290.3717146,288.3190611410899
85.0,24.15551314,4.220903998,4,303.2976855,302.6224383021535
12.0,3.188668313,0.276135877,1,46.84859882,42.57581318560861
33.0,13.34990619,1.461002855,1,116.1267135,117.35868451260765
28.0,7.949128866,0.926508325,4,102.8151161,99.63733327382882
61.0,20.78954416,2.473938172,3,225.8221508,217.13164995359529
65.0,22.56391988,7.395603642,4,232.2711591,231.34428983031634
50.0,24.05831736,4.741096535,1,173.2842591,177.86745866001763
20.0,4.73382989,3.521101635,3,72.85903042,71.08386832323399
65.0,18.5065161,4.245568702,4,234.1596648,231.3848969896476
46.0,14.77131146,2.053779217,2,163.3497975,163.68294095328255
40.0,14.40248296,2.874709242,2,147.0288967,142.30109355552864
67.0,28.63117245,9.072549075,4,238.4197656,238.44522033245582
24.0,11.01989424,0.759861818,3,86.73732416,85.36384634548249
35.0,14.07835325,1.116862626,4,121.2157974,124.56653755457845
95.0,31.35729304,9.619583514,1,336.4166364,338.09246049789954
77.0,29.86234905,0.917605295,3,276.1736609,274.13919394352615
13.0,9.237764567,2.409567204,4,46.67789698,46.189017894850885
29.0,11.39467134,2.510669081,1,102.9582036,103.09847209095702
87.0,32.39081231,2.967629819,1,310.9883193,309.67914590077453
88.0,30.24576552,6.376378066,3,313.2604593,313.2527342533726
18.0,8.838122541,2.715304509,1,66.89880637,63.91525427314764
43.0,12.32309593,1.312615046,3,154.6999619,153.03377294567747
47.0,22.14974584,5.275784898,2,169.5980174,167.20223176062274
32.0,17.77874558,6.010796578,3,108.8352652,113.79184652189305
96.0,30.07537117,6.063871145,3,339.2135318,341.7523696029923
13.0,1.430684248,1.661340041,2,46.63333169,46.147798798569475
72.0,18.15760992,3.376908824,3,254.4566617,256.30291596011546
26.0,9.724543191,0.926883355,3,96.75762967,92.4861465754221
81.0,20.39194685,3.212250256,3,289.1757587,288.3618277441092
68.0,30.72403855,7.606630452,2,237.6481109,241.97140743658878
64.0,14.19845566,3.631962564,1,231.7642637,227.75217634910177
92.0,34.42143164,8.177003715,2,326.096435,327.4500781891211
36.0,12.46065694,1.91697969,1,130.308934,128.03920894455757
71.0,20.84941338,2.469887527,4,253.4622592,252.77792540207102
93.0,26.50281649,3.537618612,4,331.6478588,331.1258000074585
51.0,20.12090649,3.424064454,1,178.5207935,181.4471857015342
23.0,10.2124244,0.104238928,2,83.19717896,81.78368836510924
26.0,12.88857643,4.686955087,2,91.42400652,92.41163036615563
26.0,4.561389512,1.791092844,2,90.85086418,92.45057767762317
77.0,25.46734474,1.829690923,4,273.7988825,274.1560305375641
77.0,28.94958279,1.239417276,2,272.5494985,274.1088766683171
38.0,19.20198497,2.827452097,4,131.7523427,135.22934249218363
46.0,14.59052219,2.353695787,2,162.4281991,163.67927415540663
29.0,2.172596338,4.208324504,4,103.6348659,103.1605063918284
25.0,5.384656349,0.63199073,4,83.57435437,88.95601518224895
81.0,27.33577511,5.263650376,2,290.7775735,288.307234824009
64.0,18.66967958,3.045508873,4,227.315652,227.83780495397133
28.0,5.200063473,2.294252711,3,100.8682615,99.59465241744294
17.0,10.62493206,5.604877885,4,62.50050231,60.3966308670687
19.0,4.182629353,3.338355193,4,68.17931746,67.55100967481387
100.0,33.3317102,6.057539518,3,355.8934821,355.99914741750257
61.0,13.62383917,1.081630027,4,218.7967423,217.1781230845135
47.0,10.99758175,2.293062106,1,167.1158814,167.21661735654249
79.0,17.97181312,1.541124943,2,281.5342766,281.23290670349957
58.0,4.870187029,3.043994197,3,205.5431339,206.4442747965185
88.0,35.92794676,8.670850647,2,311.9081452,313.19556167275226
17.0,9.736331095,0.598563708,2,53.74971174,60.40594102084626
44.0,11.90949864,3.863594664,4,152.2200272,156.59078580508333
28.0,4.164198677,0.357389068,1,99.89737179,99.56583638933613
80.0,34.56254581,6.122002938,3,286.9573333,284.75869164064954
66.0,17.00947877,6.048201516,3,240.4988996,234.89832772334995
54.0,13.81708859,2.491412135,4,193.0901217,192.22679279323708
33.0,20.90396594,5.870763969,1,114.9270444,117.30117914294378
99.0,28.78290675,7.412178995,3,351.5295188,352.42193697927456
86.0,27.14817277,4.409399375,1,308.3930492,306.10109573739527
15.0,1.446983796,2.921059933,2,56.04128018,53.2560467237619
49.0,16.93806801,0.071734979,3,175.9464773,174.41935045110543
13.0,2.320134594,0.98234869,2,49.43055198,46.15593133003106
18.0,4.855549489,2.078003457,4,64.19337778,64.00448828546364
23.0,10.05141481,0.156850984,2,82.3199865,81.78309059647619
38.0,6.110769556,1.937174888,3,133.4760122,135.21838406176116
81.0,26.09919087,4.351757741,4,289.0364803,288.37228297423974
43.0,22.07496465,3.662349016,4,153.0649097,153.02775293956003
89.0,38.20357545,6.574378925,4,316.5734832,316.83606958215324
46.0,6.828532561,4.305234817,3,158.6215801,163.68436605422607
97.0,28.90739759,3.861604872,2,344.2288883,345.3154977378111
91.0,29.30289498,2.054143187,4,324.2025999,324.0193447222118
62.0,17.0374692,1.778592176,4,222.0800056,220.73021481393306
78.0,34.10820913,5.137124807,1,272.7931535,277.59390815185793
59.0,19.15990669,4.831583416,1,212.4086283,209.92570532208865
55.0,13.23675142,0.603918273,4,199.1316965,195.81243467571582
36.0,6.101045822,3.262967852,2,136.9397266,128.05133953605997
72.0,26.44800535,3.509245812,2,256.3737002,256.2717188874755
33.0,6.244258946,1.703124543,4,113.5987015,117.43807852185716
90.0,24.509163,5.201518953,1,324.3931698,320.34001560858337
46.0,15.49815546,0.169996911,3,166.9833119,163.73275147274373
81.0,34.258988,2.933485172,4,286.823796,288.38705394133757
99.0,30.02345521,4.263135192,1,352.4450349,352.40739755384885
10.0,2.296818223,0.334893148,4,40.51910041,35.53138055755593
34.0,5.161887001,0.592363282,3,126.0282242,120.98760036214904
13.0,14.52212352,2.823846857,1,48.8572496,46.102100031270865
15.0,8.240898541,4.207676862,1,54.81334067,53.21101893347413
40.0,19.94695027,4.409942415,1,144.8765937,142.25341286063116
12.0,6.636054358,0.838317446,2,43.42825766,42.59424395198376
63.0,27.00388098,4.800652099,1,221.1447837,224.17117576481365
82.0,27.87458605,2.319345751,2,287.7861637,291.9056277952888
24.0,8.822604644,0.388314589,4,86.78602638,85.39587595030744
14.0,5.599582378,2.536887018,3,45.55690769,49.724039231819326
44.0,17.26939778,4.424545391,2,158.5720707,156.5286526315368
25.0,1.4394043,0.476601268,4,90.93193458,88.95933535926251
20.0,2.388284572,0.593664839,4,75.77689023,71.14774034043667
46.0,17.61333015,3.480429694,3,160.6150905,163.690832305499
60.0,15.52766221,2.055274228,3,210.9051685,213.57674671683972
29.0,12.09106028,2.49021882,1,104.502706,103.09848155162119
22.0,1.551591041,0.486129113,3,80.97345703,78.24665867229774
12.0,2.198543559,0.346488071,1,41.63049839,42.57528634107528
72.0,17.91038389,1.864167533,2,255.4199022,256.29518289300063
64.0,20.50457042,4.530971142,2,233.6303792,227.76541230977406
13.0,12.37241338,6.51582713,2,46.12759555,46.08357055703549
49.0,14.87396622,1.638303876,3,174.200192,174.40059128055697
91.0,27.85349299,7.912248122,3,327.304958,323.9203554940547
22.0,0.215380634,2.2912306,3,77.9952183,78.2246766429661
68.0,29.19533041,8.045763533,1,245.6391876,241.93984752565575
77.0,31.6532001,7.776978403,1,273.9603772,273.9999758304752
24.0,9.225854712,3.542555386,2,90.49426422,85.30323042837954
28.0,17.01736977,3.049292563,2,98.52768262,99.55446982063235
41.0,11.74088996,1.639608836,4,144.5657092,145.93262397160925
91.0,25.51282008,5.125009083,4,324.0477099,323.9824820114542
98.0,30.95609029,8.511028129,2,345.5940721,348.81890858013423
40.0,20.13539246,4.956791317,2,142.7437996,142.27318041547107
14.0,11.24439034,2.602426966,4,53.87149398,49.74787447784576
64.0,22.46616939,7.150085369,1,233.0154686,227.70551024648935
32.0,11.59153516,1.284588077,3,115.6143077,113.85280719613648
26.0,6.527093405,4.829395036,3,89.66739821,92.43873140538287
82.0,35.19842223,5.380117436,4,290.437967,291.91825329729704
98.0,31.93407082,4.645249764,2,349.0851437,348.86664738514366
62.0,13.4829249,2.810263336,3,215.1240314,220.69199731673754
29.0,14.54674449,1.244351752,1,101.0405115,103.11311410903764
32.0,13.71375994,0.826277105,2,109.9278558,113.83112580495859
95.0,33.7322487,2.828376137,2,337.1550219,338.20273020671465
60.0,16.60417853,5.253646762,1,212.4874444,213.48331551324654
88.0,25.7813623,5.715407905,3,313.6573391,313.26252543800746
75.0,19.53226006,3.961231768,2,268.4892435,266.9544123094249
81.0,29.12147199,7.916414207,1,289.6405858,288.246976085242
90.0,32.98908421,5.114303431,3,321.266614,320.39138936092473
77.0,24.18854494,5.133802599,2,280.5497002,274.062112444792
61.0,26.82343484,5.586457741,3,214.3465426,217.09081433667606
40.0,8.588407255,3.068645816,2,140.1615469,142.300726012203
32.0,5.838121345,2.765538827,1,115.3436166,113.78313926239089
70.0,23.21694607,4.202648436,2,250.2521525,249.14030847402958
15.0,0.388039549,1.104823047,3,52.03837385,53.30564512222634
98.0,39.52760349,3.778663467,4,347.9878618,348.9280267061642
99.0,30.96792254,5.586192961,1,352.8213765,352.39060915600334
61.0,17.07116687,3.800921079,1,222.5963753,217.06318141332304
93.0,24.93237267,1.253028505,3,329.1478082,331.1281325712555
42.0,7.59338776,0.350837784,1,154.3461066,149.4321667129383
83.0,27.98792232,6.066843266,3,292.5631693,295.4475730007731
46.0,14.39237842,1.240397092,2,162.9001448,163.69319109873317
79.0,28.99004026,5.70656376,4,287.583199,281.230493088948
93.0,25.64704705,5.12437604,2,334.5425852,331.05309367977856
44.0,16.55078519,5.075482015,3,151.9241404,156.5474445243529
16.0,10.86123463,2.575875195,3,51.93438844,56.84562603080205
69.0,26.58051398,5.179786502,4,247.6436233,245.61828196923616
96.0,34.00593633,4.602944767,1,340.1997788,341.7158872892782
77.0,30.67023291,2.807285171,1,272.0442444,274.06213479149943
13.0,8.222252441,0.500016101,4,45.41847675,46.21312610892238
94.0,31.26698648,5.332790413,4,339.190205,334.6637572060502
58.0,17.93429813,3.457853997,4,206.2850969,206.46116846097377
23.0,6.674391648,0.15301899,1,83.3869198,81.75769030708649
58.0,14.52240349,2.871804552,4,209.8950004,206.46965764017824
82.0,23.14053461,2.043226707,3,288.6613241,291.93736256852526
69.0,24.57404491,8.260131069,3,246.9671859,245.55403856054102
92.0,36.2813941,7.693023889,4,334.2548231,327.5087149701939
60.0,17.69173462,3.241365169,1,216.0789617,213.50796190332264
55.0,17.46309474,4.0178371,1,202.9779971,195.68857923334974
82.0,25.51805538,2.738878738,4,288.5305831,291.9545094648996
86.0,27.73800583,5.293540405,3,307.8933318,306.14316243597625
18.0,10.65529469,1.368274421,2,64.70988356,63.95800520508678
93.0,33.05945096,5.78929841,2,335.2090696,331.04221660742616
63.0,18.0716099,4.009603049,3,222.395167,224.237427216133
35.0,18.81472652,3.041468747,4,123.9521411,124.54093356197376
43.0,6.89825317,0.646096057,1,154.3991126,152.99069979249717
49.0,7.870960618,4.867663371,2,176.1282464,174.33625156026923
43.0,9.48733807,1.971801126,4,151.8101792,153.05320677255403
52.0,9.837592493,2.080182174,3,183.7118744,185.08274949925817
56.0,20.84734986,4.647692649,4,202.3921238,199.32142263962567
25.0,0.965159981,2.585389556,1,85.23426236,88.85336625818817
23.0,7.989787362,0.508955059,4,84.70733843,81.83270724080248
64.0,22.69323068,0.34962043,2,226.0179062,227.81665045608466
13.0,1.785753879,1.150818911,3,44.24211889,46.18065937348559
73.0,15.85081095,3.055215876,4,262.6417301,259.8963250428024
100.0,29.08925518,2.287391235,2,354.7647676,356.0208970960629
55.0,24.07212451,5.369232218,3,194.5590745,195.72271741926386
38.0,6.215195866,5.315751143,4,138.3211236,135.2029600043044
13.0,7.430197108,1.294086175,2,44.84905295,46.15025685744936
54.0,12.98134935,2.751051575,3,194.0955015,192.19722173476146
11.0,9.398839224,3.206508472,4,41.35123045,39.05512674358669
21.0,5.180326908,1.332821498,1,77.69255229,74.61961917621603
32.0,0.084174691,0.64327624,4,113.3008572,113.8914662391953
38.0,10.81858114,0.61243765,2,140.0224896,135.20657004227775
55.0,21.8064834,2.570983167,3,193.559832,195.75831893595816
28.0,12.99050602,3.381622724,2,98.90352508,99.5517524185447
33.0,11.22418965,5.585571387,4,115.0606852,117.38803716163277
43.0,9.644227993,1.805611694,3,154.5326132,153.02858311356428
41.0,14.81924744,6.158927918,1,145.2317251,145.795423223478
39.0,26.08214459,3.414835509,4,135.6150886,138.7815780849348
56.0,25.65263615,3.484751126,2,194.2430827,199.28092636110932
98.0,32.98528869,3.891731352,2,351.0535774,348.8756499985596
59.0,24.11862064,4.750725408,2,213.9125352,209.95160275300157
88.0,33.64954284,6.652385998,1,314.8714995,313.19483312545543
35.0,16.29976047,0.058387425,3,124.0293839,124.55228615467273
50.0,16.21666237,4.527337829,3,176.198368,177.92614620743126
45.0,8.41713121,4.06002921,3,156.8844243,160.1248962107556
97.0,32.66492942,3.404343568,2,342.131861,345.31986375590157
59.0,16.64673559,6.234787461,4,210.121506,209.98904268793655
14.0,17.13933034,1.23397456,4,46.9175841,49.762822266748245
10.0,7.951313088,5.221649163,4,39.15997494,35.46861032702605
100.0,34.36913284,5.77397264,4,358.8975626,356.0289451601308
78.0,24.89028294,3.531093274,3,277.0940713,277.6703968506992
30.0,19.17715593,3.393101262,1,110.2396605,106.64672053057829
19.0,2.50188917,2.17074948,3,69.73251798,67.53948792221355
34.0,16.85678293,3.886005263,4,118.9163836,120.96915667498274
82.0,29.49738981,6.111231604,2,291.3194908,291.8578934452356
11.0,2.565648922,2.035296833,4,37.59292526,39.07209737240416
100.0,42.22523217,8.977117102,4,364.0797515,355.98634152635253
59.0,28.88785755,5.388404394,2,207.3302796,209.94199406355827
28.0,11.26841221,1.373882899,4,102.6790459,99.63060150802946
30.0,10.78600157,0.476179479,1,107.7561749,106.68595227716993
79.0,28.96967508,5.72254515,1,281.3554191,281.15039480207247
88.0,27.54281898,4.614034843,4,315.3768673,313.302240469856
59.0,21.27291211,3.385121455,1,215.9054823,209.94295339885517
43.0,15.09638769,5.999431004,4,155.8180547,153.00113837525896
15.0,2.524965192,4.075476124,4,54.68286208,53.294580058935
90.0,36.71377854,8.103656838,2,320.6784079,320.32626221359607
86.0,34.12647526,6.036185407,2,304.7199358,306.10504317802287
93.0,29.60636034,4.53404604,2,331.0361116,331.0590438516502
34.0,13.93985815,1.153340571,4,124.4780998,121.00417148870307
31.0,12.32745975,1.450388739,4,106.7625412,110.31516065624642
55.0,19.95572923,5.245123382,2,197.7353291,195.6990731555429
61.0,23.9098499,5.37298311,3,218.092673,217.0944941710952
38.0,12.93873682,0.763284304,3,134.9158375,135.23058376177508
40.0,6.840434393,2.21127782,2,141.1148856,142.31200470926865
50.0,19.57574792,0.47773224,2,176.8909589,177.94869853847234
89.0,29.55612297,6.364723126,3,310.4725062,316.8150828025494
12.0,7.525871114,4.351137632,1,45.3684816,42.52360284787151
47.0,13.39621739,4.181491721,4,164.7607918,167.27219211787528
14.0,3.492288507,1.662926385,2,51.36711319,49.70901511495064
94.0,27.47401916,5.880689586,3,336.3336192,334.63164073439486
47.0,13.47141759,2.441219796,3,167.7045406,167.26717569916647
64.0,12.6264151,1.734419715,2,232.3602699,227.80296647668894
36.0,1.546544558,0.259152416,2,128.3416589,128.09030282568258
43.0,17.79694208,3.052953409,3,153.8017429,153.010201535409
35.0,7.886447626,1.758378079,4,124.2568582,124.56073587633752
45.0,10.90863806,3.192073711,4,158.3131509,160.16145124558253
26.0,2.208687393,0.194148665,2,94.32551695,92.47126792461005
89.0,23.72064054,0.690473124,4,321.3230185,316.9143471258772
36.0,11.64101703,1.088920803,2,129.9458887,128.07643218178438
18.0,1.056114844,0.748769308,2,62.49807961,63.969086403809186
97.0,30.53983841,8.846154241,4,348.4529616,345.3061967079265
15.0,9.809647258,2.175099221,3,51.15173712,53.289019658979036
12.0,5.013390243,0.840971884,1,41.3738608,42.568146024701264
26.0,9.175047221,0.906720708,2,92.1842394,92.45995504469175
78.0,23.93088014,3.943732847,4,275.0988049,277.692237372701
21.0,1.380311071,5.286680958,4,80.94072509,74.65168391728402
75.0,20.34898797,1.227180495,2,272.2501078,266.9881313475643
13.0,1.939453608,0.658229751,1,49.15396788,46.133461054453115
62.0,18.22598841,6.618429614,1,219.8899849,220.58969204700094
96.0,33.24653379,3.953012517,3,343.302666,341.77750935233826
47.0,19.83138083,2.825675852,2,170.979336,167.23352163704925
13.0,14.2755592,2.329490869,2,48.98112405,46.134971121337394
81.0,29.72285354,1.837938386,1,291.3337296,288.3223689649503
75.0,23.48296489,3.750273951,2,263.3750447,266.9556468595512
16.0,8.816320663,1.782789571,1,53.2142485,56.80293849232449
12.0,3.556576557,0.360014914,2,37.24327179,42.60127606823481
32.0,11.21930355,0.656788657,2,114.7290885,113.83411114129056
100.0,32.57274847,5.430991677,2,355.3297239,355.980571797699
20.0,6.416720778,2.258860613,1,66.76720286,71.04570519630032
16.0,5.671721291,0.712198048,1,53.79021764,56.81736042842287
57.0,21.66626693,11.53462604,4,200.8056007,202.79743570332076
55.0,20.04545281,3.068510586,3,196.5427867,195.7527499720016
83.0,29.04890683,1.976047337,1,287.2446931,295.4448102803527
79.0,23.51057067,2.188926056,3,281.5789422,281.2495370526831
25.0,0.981140161,1.377660378,1,92.30243141,88.86838243086972
60.0,18.47461371,1.883694635,4,210.4689581,213.60448002807746
66.0,18.90171732,4.247814704,2,230.3210909,234.89342001452485
56.0,21.46041579,2.388734762,2,202.760593,199.2960329517805
50.0,18.2630567,4.050816325,4,180.4424011,177.95798910147948
70.0,20.91279178,4.007210363,4,247.9036965,249.19682076336593
63.0,25.08149831,2.684253156,2,221.8098717,224.22481124040684
26.0,12.59696072,2.103348433,2,91.81486029,92.44386794069413
93.0,27.05446611,5.748857069,2,328.6740039,331.0448314051029
56.0,23.96574055,6.276644732,2,197.9449499,199.2467938911103
15.0,4.953746366,0.903951533,1,50.81086695,53.25326682501703
32.0,10.57992982,0.064459595,4,117.0207161,113.89497452238356
52.0,18.22775097,1.46423568,3,184.4052178,185.08746008511417
97.0,34.85516799,8.128920858,3,349.2786694,345.28696455186633
59.0,13.85180397,2.552071784,2,210.5865244,209.98256026469517
59.0,20.68293062,1.912705682,1,209.2848034,209.96147485577418
45.0,18.09700717,0.102153377,2,160.4351038,160.14408475635238
59.0,25.75238399,3.388303521,4,209.8044787,210.02124518579623
31.0,9.288699517,4.01258944,1,112.3453068,110.20445385921033
61.0,20.21722551,6.875922114,1,216.6811536,217.0238280240116
43.0,18.23019243,4.079293023,1,155.5991953,152.9440123984715
82.0,22.66547098,2.926556978,4,291.8371949,291.95317828879723
55.0,14.4918081,3.340074777,4,195.9514284,195.77796086352194
90.0,32.32648182,5.609706527,4,322.0002384,320.4120960898648
45.0,10.52286115,1.8555802,2,162.7540906,160.12493916761127
87.0,36.18933987,4.810689752,2,303.0409934,309.6815215549408
73.0,23.51262647,5.371989647,2,265.8966362,259.81154333938787
29.0,22.05660505,4.372790192,1,102.160097,103.0715614348417
62.0,23.67422982,3.363063357,2,218.9998496,220.6549020080002
36.0,14.41288029,3.113926336,4,129.8253781,128.10354139446832
42.0,15.96668752,5.046547629,2,148.2024141,149.3974521526726
21.0,9.687797959,3.394478002,1,78.44892035,74.5923910430371
41.0,17.50679395,1.258508241,2,148.0600815,145.8820652962005
73.0,30.35054482,5.230125086,1,260.2383199,259.7842675943878
34.0,13.051953,2.381356122,3,123.3031219,120.96257406779615
41.0,10.71151338,1.080983657,2,139.6303564,145.8866630667704
19.0,0.388590647,0.255873313,2,67.48699862,67.53741287351089
34.0,14.88677162,0.899125167,3,116.3272967,120.98036487156709
32.0,8.459387308,0.474236007,4,115.552505,113.89062343994674
29.0,8.943415485,2.715735436,1,105.320521,103.09678350455881
91.0,17.88186115,4.934914451,1,327.3869317,323.9076233422792
20.0,9.02380286,1.837913545,1,70.50156181,71.05002411743114
50.0,17.478614,6.264962348,2,173.8536921,177.87745420123693
39.0,10.98094871,1.069789208,1,135.8889695,138.7361498810698
64.0,25.13907969,3.249423621,1,231.6576938,227.7530868729417
11.0,6.244162288,0.759346585,3,42.1961076,39.06003851363087
42.0,7.277728631,0.277136782,3,146.9372915,149.48646553233158
32.0,3.117856352,1.381985223,3,113.4593656,113.85457572330378
31.0,11.05497474,0.739569127,2,114.7531983,110.27117824742403
53.0,21.22223249,3.97683231,2,186.6132475,188.59048071297653
78.0,36.40241947,5.322761087,3,277.7072998,277.64406350331114
45.0,12.22453623,6.078835059,1,159.171002,160.04517613551397
69.0,27.08276724,3.996892883,4,243.8078034,245.63281822732878
77.0,36.05245844,5.137853745,4,277.621554,274.1111609619223
29.0,12.86904427,5.144390057,3,100.2770539,103.11846636356515
30.0,15.5239034,2.819391995,3,104.0397523,106.70841221524003
12.0,2.914654396,2.95186781,3,52.19893328,42.595899783041396
99.0,32.49040456,8.220533067,2,347.693601,352.38394325205894
74.0,30.96750738,13.08395694,4,266.757198,263.32823202265826
30.0,11.26567713,0.144117014,4,102.4712089,106.7698204686589
75.0,24.90444884,2.148412803,1,269.5301133,266.94843543047233
94.0,30.97274726,3.950369298,3,336.6023006,334.6544197436741
99.0,34.85208783,4.438102223,2,351.0736614,352.4301587668536
82.0,32.44415878,5.42544944,1,291.1947002,291.8387513821822
79.0,18.80024331,3.090105563,3,280.469538,281.2399846307725
48.0,14.59080695,0.457234705,4,175.001346,170.88005555464832
62.0,24.17106528,6.347881927,1,217.3646467,220.5909664134918
34.0,4.444784543,1.415729265,2,121.0460117,120.95097592508799
75.0,19.12302371,1.254935551,4,266.5079866,267.04148838075287
43.0,13.70486746,2.218968013,1,151.2688729,152.9687426397616
95.0,25.72170247,3.653918832,2,338.7265651,338.19527915434423
39.0,21.55430149,3.285517042,2,145.7086026,138.73150775646562
25.0,5.573783213,0.880543705,1,85.23426956,88.87295048649943
11.0,7.68827301,3.023129063,1,33.69268793,38.978102512484774
44.0,15.66926662,1.086781261,1,153.1171757,156.5440950637076
88.0,31.53306437,4.70058828,2,312.5797894,313.24648954135165
17.0,10.65327885,1.82859956,3,61.88191017,60.41695486901472
38.0,12.60091687,2.97134281,4,140.1370074,135.22987418500196
43.0,22.95583839,3.316618583,2,153.5383231,152.97847225785506
15.0,3.61889035,0.424484925,2,57.13208846,53.28633544223283
